{
  "annotations/annotation.xml": 1645198251803,
  "utils/locate-reuse-libs.js": 1645198251803,
  "cards/analytics/SmartCard.controller.js": 1647875994859,
  "cards/analytics/Component.js": 1647875978678,
  "manifest.json": 1647938300107,
  "ext/OVPControllerExt.controller.js": 1647938223401,
  "Component.js": 1647875897622,
  "manifest-bundle.zip": 1647938300120,
  "Component-preload.js": 1647938300487,
  "ext/OVPControllerExt-dbg.controller.js": 1647938223401,
  "cards/analytics/Component-dbg.js": 1647875978678,
  "utils/locate-reuse-libs-dbg.js": 1645198251803,
  "cards/analytics/SmartCard-dbg.controller.js": 1647875994859,
  "Component-dbg.js": 1647875897622,
  "cards/analytics/SmartCard.fragment.xml": 1646416671058,
  "i18n/i18n.properties": 1646749059285,
  "index.html": 1647875933638
}